parkName,same_as_wikidata_parkName,species,same_as_wikidata_species,treeCount
El Retiro Park,https://wikidata.org/entitiy/Q1131807,Aesculus hippocastanum,https://wikidata.org/entitiy/Q26899,5715
El Retiro Park,https://wikidata.org/entitiy/Q1131807,Platanus × hispanica,https://wikidata.org/entitiy/Q161374,971
El Retiro Park,https://wikidata.org/entitiy/Q1131807,Cercis siliquastrum,https://wikidata.org/entitiy/Q29488,692
El Retiro Park,https://wikidata.org/entitiy/Q1131807,Celtis australis,https://wikidata.org/entitiy/Q255375,588
El Retiro Park,https://wikidata.org/entitiy/Q1131807,Cupressus sempervirens,https://wikidata.org/entitiy/Q147513,537
El Retiro Park,https://wikidata.org/entitiy/Q1131807,Gleditsia triacanthos,https://wikidata.org/entitiy/Q157650,508
El Retiro Park,https://wikidata.org/entitiy/Q1131807,Ulmus minor,https://wikidata.org/entitiy/Q147487,429
El Retiro Park,https://wikidata.org/entitiy/Q1131807,Styphnolobium japonicum,https://wikidata.org/entitiy/Q288558,392
El Retiro Park,https://wikidata.org/entitiy/Q1131807,Pinus pinea,https://wikidata.org/entitiy/Q106094,346
El Retiro Park,https://wikidata.org/entitiy/Q1131807,Ulmus pumila,https://wikidata.org/entitiy/Q1079824,328
El Retiro Park,https://wikidata.org/entitiy/Q1131807,Acer campestre,https://wikidata.org/entitiy/Q158785,321
El Retiro Park,https://wikidata.org/entitiy/Q1131807,Otros,,5498
Parque del Oeste,https://wikidata.org/entitiy/Q2369398,Pinus pinea,https://wikidata.org/entitiy/Q106094,938
Parque del Oeste,https://wikidata.org/entitiy/Q2369398,Styphnolobium japonicum,https://wikidata.org/entitiy/Q288558,797
Parque del Oeste,https://wikidata.org/entitiy/Q2369398,Platanus × hispanica,https://wikidata.org/entitiy/Q161374,556
Parque del Oeste,https://wikidata.org/entitiy/Q2369398,Ligustrum japonicum,https://wikidata.org/entitiy/Q1209219,395
Parque del Oeste,https://wikidata.org/entitiy/Q2369398,Populus alba 'Bolleana',,390
Parque del Oeste,https://wikidata.org/entitiy/Q2369398,Cedrus deodara,https://wikidata.org/entitiy/Q146935,346
Parque del Oeste,https://wikidata.org/entitiy/Q2369398,Celtis australis,https://wikidata.org/entitiy/Q255375,296
Parque del Oeste,https://wikidata.org/entitiy/Q2369398,Prunus cerasifera  subsp. pissardii,,294
Parque del Oeste,https://wikidata.org/entitiy/Q2369398,Cedrus atlantica,https://wikidata.org/entitiy/Q623489,240
Parque del Oeste,https://wikidata.org/entitiy/Q2369398,Populus nigra,https://wikidata.org/entitiy/Q147064,225
Parque del Oeste,https://wikidata.org/entitiy/Q2369398,Otros,,2553
JARDÍN DE LA QUINTA DE LOS MOLINOS,,Prunus dulcis Marcona,,1079
JARDÍN DE LA QUINTA DE LOS MOLINOS,,Pinus halepensis,https://wikidata.org/entitiy/Q211457,1056
JARDÍN DE LA QUINTA DE LOS MOLINOS,,Cupressus sempervirens,https://wikidata.org/entitiy/Q147513,606
JARDÍN DE LA QUINTA DE LOS MOLINOS,,"Prunus dulcis ""Desmayo Largueta""",,389
JARDÍN DE LA QUINTA DE LOS MOLINOS,,Pinus pinea,https://wikidata.org/entitiy/Q106094,334
JARDÍN DE LA QUINTA DE LOS MOLINOS,,Eucalyptus sp,,302
JARDÍN DE LA QUINTA DE LOS MOLINOS,,Cedrus deodara,https://wikidata.org/entitiy/Q146935,243
JARDÍN DE LA QUINTA DE LOS MOLINOS,,Platanus × hispanica,https://wikidata.org/entitiy/Q161374,239
JARDÍN DE LA QUINTA DE LOS MOLINOS,,Prunus dulcis,https://wikidata.org/entitiy/Q39918,226
JARDÍN DE LA QUINTA DE LOS MOLINOS,,Ulmus sp,,221
JARDÍN DE LA QUINTA DE LOS MOLINOS,,Gleditsia triacanthos,https://wikidata.org/entitiy/Q157650,207
JARDÍN DE LA QUINTA DE LOS MOLINOS,,Otros,,1766
JARDÍN DE LA QUINTA DE LA FUENTE DEL BERRO,,Ligustrum lucidum,https://wikidata.org/entitiy/Q732933,294
JARDÍN DE LA QUINTA DE LA FUENTE DEL BERRO,,Cupressus sempervirens,https://wikidata.org/entitiy/Q147513,132
JARDÍN DE LA QUINTA DE LA FUENTE DEL BERRO,,Aesculus hippocastanum,https://wikidata.org/entitiy/Q26899,77
JARDÍN DE LA QUINTA DE LA FUENTE DEL BERRO,,Prunus cerasifera  subsp. pissardii,,62
JARDÍN DE LA QUINTA DE LA FUENTE DEL BERRO,,Cedrus deodara,https://wikidata.org/entitiy/Q146935,54
JARDÍN DE LA QUINTA DE LA FUENTE DEL BERRO,,Acacia dealbata,https://wikidata.org/entitiy/Q757123,47
JARDÍN DE LA QUINTA DE LA FUENTE DEL BERRO,,Populus alba 'Bolleana',,29
JARDÍN DE LA QUINTA DE LA FUENTE DEL BERRO,,Trachycarpus fortunei,https://wikidata.org/entitiy/Q158383,28
JARDÍN DE LA QUINTA DE LA FUENTE DEL BERRO,,Platanus × hispanica,https://wikidata.org/entitiy/Q161374,26
JARDÍN DE LA QUINTA DE LA FUENTE DEL BERRO,,Celtis australis,https://wikidata.org/entitiy/Q255375,25
JARDÍN DE LA QUINTA DE LA FUENTE DEL BERRO,,Otros,,330
El Capricho Park,https://wikidata.org/entitiy/Q2054035,Cercis siliquastrum,https://wikidata.org/entitiy/Q29488,760
El Capricho Park,https://wikidata.org/entitiy/Q2054035,Cupressus sempervirens,https://wikidata.org/entitiy/Q147513,349
El Capricho Park,https://wikidata.org/entitiy/Q2054035,Gleditsia triacanthos,https://wikidata.org/entitiy/Q157650,208
El Capricho Park,https://wikidata.org/entitiy/Q2054035,Pinus pinea,https://wikidata.org/entitiy/Q106094,189
El Capricho Park,https://wikidata.org/entitiy/Q2054035,Fraxinus angustifolia,https://wikidata.org/entitiy/Q518949,179
El Capricho Park,https://wikidata.org/entitiy/Q2054035,Platanus × hispanica,https://wikidata.org/entitiy/Q161374,139
El Capricho Park,https://wikidata.org/entitiy/Q2054035,Quercus robur,https://wikidata.org/entitiy/Q165145,135
El Capricho Park,https://wikidata.org/entitiy/Q2054035,Acer campestre,https://wikidata.org/entitiy/Q158785,123
El Capricho Park,https://wikidata.org/entitiy/Q2054035,Robinia pseudoacacia,https://wikidata.org/entitiy/Q157417,99
El Capricho Park,https://wikidata.org/entitiy/Q2054035,Aesculus hippocastanum,https://wikidata.org/entitiy/Q26899,77
El Capricho Park,https://wikidata.org/entitiy/Q2054035,Otros,,1232
Sabatini Gardens,https://wikidata.org/entitiy/Q2419365,Cupressus sempervirens,https://wikidata.org/entitiy/Q147513,85
Sabatini Gardens,https://wikidata.org/entitiy/Q2419365,Pinus pinea,https://wikidata.org/entitiy/Q106094,50
Sabatini Gardens,https://wikidata.org/entitiy/Q2419365,Acer negundo,https://wikidata.org/entitiy/Q161166,26
Sabatini Gardens,https://wikidata.org/entitiy/Q2419365,Cedrus deodara,https://wikidata.org/entitiy/Q146935,21
Sabatini Gardens,https://wikidata.org/entitiy/Q2419365,Magnolia grandiflora,https://wikidata.org/entitiy/Q161116,16
Sabatini Gardens,https://wikidata.org/entitiy/Q2419365,Abies nordmanniana,https://wikidata.org/entitiy/Q148920,8
Sabatini Gardens,https://wikidata.org/entitiy/Q2419365,Thuja occidentalis,https://wikidata.org/entitiy/Q147468,5
Sabatini Gardens,https://wikidata.org/entitiy/Q2419365,Acer pseudoplatanus,https://wikidata.org/entitiy/Q156944,3
Sabatini Gardens,https://wikidata.org/entitiy/Q2419365,Cercis siliquastrum,https://wikidata.org/entitiy/Q29488,1
Sabatini Gardens,https://wikidata.org/entitiy/Q2419365,Populus alba 'Bolleana',,1
Sabatini Gardens,https://wikidata.org/entitiy/Q2419365,Ulmus minor,https://wikidata.org/entitiy/Q147487,1
JARDINES PLAZA DE ORIENTE - JARDÍN DEL CABO NOVAL-JARDÍN DE LEPANTO,,Platanus × hispanica,https://wikidata.org/entitiy/Q161374,126
JARDINES PLAZA DE ORIENTE - JARDÍN DEL CABO NOVAL-JARDÍN DE LEPANTO,,Ligustrum japonicum,https://wikidata.org/entitiy/Q1209219,38
JARDINES PLAZA DE ORIENTE - JARDÍN DEL CABO NOVAL-JARDÍN DE LEPANTO,,Cupressus sempervirens,https://wikidata.org/entitiy/Q147513,31
JARDINES PLAZA DE ORIENTE - JARDÍN DEL CABO NOVAL-JARDÍN DE LEPANTO,,Taxus baccata,https://wikidata.org/entitiy/Q179729,28
JARDINES PLAZA DE ORIENTE - JARDÍN DEL CABO NOVAL-JARDÍN DE LEPANTO,,Magnolia grandiflora,https://wikidata.org/entitiy/Q161116,9
JARDINES PLAZA DE ORIENTE - JARDÍN DEL CABO NOVAL-JARDÍN DE LEPANTO,,Cedrus deodara,https://wikidata.org/entitiy/Q146935,8
JARDINES PLAZA DE ORIENTE - JARDÍN DEL CABO NOVAL-JARDÍN DE LEPANTO,,Cupressus macrocarpa,https://wikidata.org/entitiy/Q1137183,6
JARDINES PLAZA DE ORIENTE - JARDÍN DEL CABO NOVAL-JARDÍN DE LEPANTO,,Pinus halepensis,https://wikidata.org/entitiy/Q211457,1
Dehesa de la Villa Park,https://wikidata.org/entitiy/Q4887686,Pinus pinea,https://wikidata.org/entitiy/Q106094,4769
Dehesa de la Villa Park,https://wikidata.org/entitiy/Q4887686,Pinus halepensis,https://wikidata.org/entitiy/Q211457,691
Dehesa de la Villa Park,https://wikidata.org/entitiy/Q4887686,Prunus dulcis,https://wikidata.org/entitiy/Q39918,930
Dehesa de la Villa Park,https://wikidata.org/entitiy/Q4887686,Ulmus pumila,https://wikidata.org/entitiy/Q1079824,362
Dehesa de la Villa Park,https://wikidata.org/entitiy/Q4887686,Quercus ilex,https://wikidata.org/entitiy/Q218155,932
Dehesa de la Villa Park,https://wikidata.org/entitiy/Q4887686,Ailanthus altissima,https://wikidata.org/entitiy/Q159570,276
Dehesa de la Villa Park,https://wikidata.org/entitiy/Q4887686,Fraxinus angustifolia,https://wikidata.org/entitiy/Q518949,207
Dehesa de la Villa Park,https://wikidata.org/entitiy/Q4887686,Platanus × hispanica,https://wikidata.org/entitiy/Q161374,139
Dehesa de la Villa Park,https://wikidata.org/entitiy/Q4887686,Gleditsia triacanthos,https://wikidata.org/entitiy/Q157650,183
Dehesa de la Villa Park,https://wikidata.org/entitiy/Q4887686,Celtis australis,https://wikidata.org/entitiy/Q255375,131
Dehesa de la Villa Park,https://wikidata.org/entitiy/Q4887686,Otros,,2477
Madrid Río,https://wikidata.org/entitiy/Q6062341,Pinus pinea,https://wikidata.org/entitiy/Q106094,2922
Madrid Río,https://wikidata.org/entitiy/Q6062341,Pinus halepensis,https://wikidata.org/entitiy/Q211457,2358
Madrid Río,https://wikidata.org/entitiy/Q6062341,Platanus × hispanica,https://wikidata.org/entitiy/Q161374,1508
Madrid Río,https://wikidata.org/entitiy/Q6062341,Acer × freemanii,https://wikidata.org/entitiy/Q9577378,596
Madrid Río,https://wikidata.org/entitiy/Q6062341,Melia azedarach,https://wikidata.org/entitiy/Q162171,511
Madrid Río,https://wikidata.org/entitiy/Q6062341,Populus nigra,https://wikidata.org/entitiy/Q147064,496
Madrid Río,https://wikidata.org/entitiy/Q6062341,Fraxinus angustifolia,https://wikidata.org/entitiy/Q518949,476
Madrid Río,https://wikidata.org/entitiy/Q6062341,Aesculus hippocastanum,https://wikidata.org/entitiy/Q26899,433
Madrid Río,https://wikidata.org/entitiy/Q6062341,Celtis australis,https://wikidata.org/entitiy/Q255375,380
Madrid Río,https://wikidata.org/entitiy/Q6062341,Ginkgo biloba,https://wikidata.org/entitiy/Q43284,358
Madrid Río,https://wikidata.org/entitiy/Q6062341,Otros,,4071
Manzanares Linear Park,https://wikidata.org/entitiy/Q6062319,Populus nigra,https://wikidata.org/entitiy/Q147064,2526
Manzanares Linear Park,https://wikidata.org/entitiy/Q6062319,Pinus pinea,https://wikidata.org/entitiy/Q106094,2457
Manzanares Linear Park,https://wikidata.org/entitiy/Q6062319,Celtis australis,https://wikidata.org/entitiy/Q255375,2247
Manzanares Linear Park,https://wikidata.org/entitiy/Q6062319,Fraxinus angustifolia,https://wikidata.org/entitiy/Q518949,914
Manzanares Linear Park,https://wikidata.org/entitiy/Q6062319,Platanus × hispanica,https://wikidata.org/entitiy/Q161374,659
Manzanares Linear Park,https://wikidata.org/entitiy/Q6062319,Olea europaea,https://wikidata.org/entitiy/Q37083,506
Manzanares Linear Park,https://wikidata.org/entitiy/Q6062319,Ulmus sp,,498
Manzanares Linear Park,https://wikidata.org/entitiy/Q6062319,Cupressus sempervirens,https://wikidata.org/entitiy/Q147513,405
Manzanares Linear Park,https://wikidata.org/entitiy/Q6062319,Pinus halepensis,https://wikidata.org/entitiy/Q211457,277
Manzanares Linear Park,https://wikidata.org/entitiy/Q6062319,Gleditsia triacanthos,https://wikidata.org/entitiy/Q157650,263
Manzanares Linear Park,https://wikidata.org/entitiy/Q6062319,Otros,,2805
Parque Juan Pablo II,https://wikidata.org/entitiy/Q125465939,Pinus pinea,https://wikidata.org/entitiy/Q106094,142
Parque Juan Pablo II,https://wikidata.org/entitiy/Q125465939,Aesculus hippocastanum,https://wikidata.org/entitiy/Q26899,134
Parque Juan Pablo II,https://wikidata.org/entitiy/Q125465939,Celtis australis,https://wikidata.org/entitiy/Q255375,126
Parque Juan Pablo II,https://wikidata.org/entitiy/Q125465939,Morus alba,https://wikidata.org/entitiy/Q157307,125
Parque Juan Pablo II,https://wikidata.org/entitiy/Q125465939,Gleditsia triacanthos,https://wikidata.org/entitiy/Q157650,88
Parque Juan Pablo II,https://wikidata.org/entitiy/Q125465939,Prunus dulcis,https://wikidata.org/entitiy/Q39918,78
Parque Juan Pablo II,https://wikidata.org/entitiy/Q125465939,Cupressus sempervirens,https://wikidata.org/entitiy/Q147513,55
Parque Juan Pablo II,https://wikidata.org/entitiy/Q125465939,Liquidambar styraciflua,https://wikidata.org/entitiy/Q469652,52
Parque Juan Pablo II,https://wikidata.org/entitiy/Q125465939,Lagerstroemia indica,https://wikidata.org/entitiy/Q1148692,47
Parque Juan Pablo II,https://wikidata.org/entitiy/Q125465939,pomegranate,https://wikidata.org/entitiy/Q13188,47
Parque Juan Pablo II,https://wikidata.org/entitiy/Q125465939,Otros,,688
Juan Carlos I Park,https://wikidata.org/entitiy/Q1583169,Olea europaea,https://wikidata.org/entitiy/Q37083,2430
Juan Carlos I Park,https://wikidata.org/entitiy/Q1583169,Pinus pinea,https://wikidata.org/entitiy/Q106094,1074
Juan Carlos I Park,https://wikidata.org/entitiy/Q1583169,Catalpa bignonioides,https://wikidata.org/entitiy/Q163831,882
Juan Carlos I Park,https://wikidata.org/entitiy/Q1583169,Styphnolobium japonicum,https://wikidata.org/entitiy/Q288558,615
Juan Carlos I Park,https://wikidata.org/entitiy/Q1583169,Cupressus sempervirens,https://wikidata.org/entitiy/Q147513,551
Juan Carlos I Park,https://wikidata.org/entitiy/Q1583169,Fraxinus excelsior,https://wikidata.org/entitiy/Q156907,512
Juan Carlos I Park,https://wikidata.org/entitiy/Q1583169,Morus alba,https://wikidata.org/entitiy/Q157307,491
Juan Carlos I Park,https://wikidata.org/entitiy/Q1583169,Platanus × hispanica,https://wikidata.org/entitiy/Q161374,476
Juan Carlos I Park,https://wikidata.org/entitiy/Q1583169,Gleditsia triacanthos,https://wikidata.org/entitiy/Q157650,424
Juan Carlos I Park,https://wikidata.org/entitiy/Q1583169,Populus alba,https://wikidata.org/entitiy/Q146269,356
Juan Carlos I Park,https://wikidata.org/entitiy/Q1583169,Otros,,6105
ZONAS VERDES DISTRITO C - LAS TABLAS,,Pinus pinea,https://wikidata.org/entitiy/Q106094,453
ZONAS VERDES DISTRITO C - LAS TABLAS,,Celtis australis,https://wikidata.org/entitiy/Q255375,337
ZONAS VERDES DISTRITO C - LAS TABLAS,,Prunus cerasifera  subsp. pissardii,,156
ZONAS VERDES DISTRITO C - LAS TABLAS,,Melia azedarach,https://wikidata.org/entitiy/Q162171,111
ZONAS VERDES DISTRITO C - LAS TABLAS,,Pinus nigra,https://wikidata.org/entitiy/Q145954,89
ZONAS VERDES DISTRITO C - LAS TABLAS,,Koelreuteria paniculata,https://wikidata.org/entitiy/Q844835,77
ZONAS VERDES DISTRITO C - LAS TABLAS,,Cupressus × leylandii,https://wikidata.org/entitiy/Q1290970,72
ZONAS VERDES DISTRITO C - LAS TABLAS,,Pyrus calleryana 'Chanticleer',https://wikidata.org/entitiy/Q130355156,72
ZONAS VERDES DISTRITO C - LAS TABLAS,,Liquidambar styraciflua,https://wikidata.org/entitiy/Q469652,55
ZONAS VERDES DISTRITO C - LAS TABLAS,,Olea europaea,https://wikidata.org/entitiy/Q37083,49
ZONAS VERDES DISTRITO C - LAS TABLAS,,Otros,,349
Felipe VI Park,https://wikidata.org/entitiy/Q6062702,Celtis australis,https://wikidata.org/entitiy/Q255375,882
Felipe VI Park,https://wikidata.org/entitiy/Q6062702,Morus alba 'Fruitless',,412
Felipe VI Park,https://wikidata.org/entitiy/Q6062702,Koelreuteria paniculata,https://wikidata.org/entitiy/Q844835,347
Felipe VI Park,https://wikidata.org/entitiy/Q6062702,Fraxinus angustifolia,https://wikidata.org/entitiy/Q518949,287
Felipe VI Park,https://wikidata.org/entitiy/Q6062702,Prunus dulcis,https://wikidata.org/entitiy/Q39918,258
Felipe VI Park,https://wikidata.org/entitiy/Q6062702,Olea europaea,https://wikidata.org/entitiy/Q37083,163
Felipe VI Park,https://wikidata.org/entitiy/Q6062702,Pinus pinea,https://wikidata.org/entitiy/Q106094,126
Felipe VI Park,https://wikidata.org/entitiy/Q6062702,Cercis siliquastrum,https://wikidata.org/entitiy/Q29488,119
Felipe VI Park,https://wikidata.org/entitiy/Q6062702,Aesculus hippocastanum,https://wikidata.org/entitiy/Q26899,112
Felipe VI Park,https://wikidata.org/entitiy/Q6062702,Pyrus calleryana 'Chanticleer',https://wikidata.org/entitiy/Q130355156,112
Felipe VI Park,https://wikidata.org/entitiy/Q6062702,Otros,,1973
Parque Princesa Leonor,https://wikidata.org/entitiy/Q121427375,Celtis australis,https://wikidata.org/entitiy/Q255375,327
Parque Princesa Leonor,https://wikidata.org/entitiy/Q121427375,Prunus dulcis,https://wikidata.org/entitiy/Q39918,244
Parque Princesa Leonor,https://wikidata.org/entitiy/Q121427375,Acer campestre,https://wikidata.org/entitiy/Q158785,163
Parque Princesa Leonor,https://wikidata.org/entitiy/Q121427375,Olea europaea,https://wikidata.org/entitiy/Q37083,128
Parque Princesa Leonor,https://wikidata.org/entitiy/Q121427375,Malus 'Evereste',https://wikidata.org/entitiy/Q3396010,120
Parque Princesa Leonor,https://wikidata.org/entitiy/Q121427375,Melia azedarach,https://wikidata.org/entitiy/Q162171,101
Parque Princesa Leonor,https://wikidata.org/entitiy/Q121427375,Ziziphus jujuba,https://wikidata.org/entitiy/Q11181633,100
Parque Princesa Leonor,https://wikidata.org/entitiy/Q121427375,Populus nigra,https://wikidata.org/entitiy/Q147064,67
Parque Princesa Leonor,https://wikidata.org/entitiy/Q121427375,Koelreuteria paniculata,https://wikidata.org/entitiy/Q844835,64
Parque Princesa Leonor,https://wikidata.org/entitiy/Q121427375,Tilia cordata 'Greenspire',https://wikidata.org/entitiy/Q130599614,62
Parque Princesa Leonor,https://wikidata.org/entitiy/Q121427375,Otros,,579
CUÑA VERDE DE O´DONNELL Y  FUENTE CARRANTONA,,Pinus halepensis,https://wikidata.org/entitiy/Q211457,2861
CUÑA VERDE DE O´DONNELL Y  FUENTE CARRANTONA,,Pinus pinea,https://wikidata.org/entitiy/Q106094,2854
CUÑA VERDE DE O´DONNELL Y  FUENTE CARRANTONA,,Celtis australis,https://wikidata.org/entitiy/Q255375,1260
CUÑA VERDE DE O´DONNELL Y  FUENTE CARRANTONA,,Quercus ilex,https://wikidata.org/entitiy/Q218155,842
CUÑA VERDE DE O´DONNELL Y  FUENTE CARRANTONA,,Plantanus orientalis,https://wikidata.org/entitiy/Q161105,634
CUÑA VERDE DE O´DONNELL Y  FUENTE CARRANTONA,,Cedrus deodara,https://wikidata.org/entitiy/Q146935,620
CUÑA VERDE DE O´DONNELL Y  FUENTE CARRANTONA,,Ulmus pumila,https://wikidata.org/entitiy/Q1079824,389
CUÑA VERDE DE O´DONNELL Y  FUENTE CARRANTONA,,Quercus robur,https://wikidata.org/entitiy/Q165145,306
CUÑA VERDE DE O´DONNELL Y  FUENTE CARRANTONA,,Melia azedarach,https://wikidata.org/entitiy/Q162171,287
CUÑA VERDE DE O´DONNELL Y  FUENTE CARRANTONA,,Cupressus sempervirens,https://wikidata.org/entitiy/Q147513,253
CUÑA VERDE DE O´DONNELL Y  FUENTE CARRANTONA,,Otros,,3357
"ROSALEDA DE MADRID ""RAMON ORTIZ""",,Cedrus deodara,https://wikidata.org/entitiy/Q146935,53
"ROSALEDA DE MADRID ""RAMON ORTIZ""",,Acer negundo,https://wikidata.org/entitiy/Q161166,17
"ROSALEDA DE MADRID ""RAMON ORTIZ""",,Acer campestre,https://wikidata.org/entitiy/Q158785,7
"ROSALEDA DE MADRID ""RAMON ORTIZ""",,Thuja occidentalis,https://wikidata.org/entitiy/Q147468,7
"ROSALEDA DE MADRID ""RAMON ORTIZ""",,Prunus cerasifera  subsp. pissardii,,6
"ROSALEDA DE MADRID ""RAMON ORTIZ""",,Populus alba 'Bolleana',,5
"ROSALEDA DE MADRID ""RAMON ORTIZ""",,Betula utilis,https://wikidata.org/entitiy/Q930814,2
"ROSALEDA DE MADRID ""RAMON ORTIZ""",,Cedrus atlantica ʽGlauca’,https://wikidata.org/entitiy/Q112257937,2
"ROSALEDA DE MADRID ""RAMON ORTIZ""",,Carpinus betulus,https://wikidata.org/entitiy/Q158776,2
"ROSALEDA DE MADRID ""RAMON ORTIZ""",,Ligustrum japonicum,https://wikidata.org/entitiy/Q1209219,2
"ROSALEDA DE MADRID ""RAMON ORTIZ""",,Otros,,13
JARDINES DE LA PLAZA DE ESPAÑA,,Platanus × hispanica,https://wikidata.org/entitiy/Q161374,160
JARDINES DE LA PLAZA DE ESPAÑA,,Acer campestre,https://wikidata.org/entitiy/Q158785,80
JARDINES DE LA PLAZA DE ESPAÑA,,Acer platanoides 'Crimson King',https://wikidata.org/entitiy/Q110765987,68
JARDINES DE LA PLAZA DE ESPAÑA,,Acer saccharinum,https://wikidata.org/entitiy/Q158301,67
JARDINES DE LA PLAZA DE ESPAÑA,,Cercis siliquastrum,https://wikidata.org/entitiy/Q29488,43
JARDINES DE LA PLAZA DE ESPAÑA,,obedient plant,https://wikidata.org/entitiy/Q908842,42
JARDINES DE LA PLAZA DE ESPAÑA,,pomegranate,https://wikidata.org/entitiy/Q13188,41
JARDINES DE LA PLAZA DE ESPAÑA,,Acer × freemanii ‘Jeffersred’,https://wikidata.org/entitiy/Q18470633,39
JARDINES DE LA PLAZA DE ESPAÑA,,Acer monspessulanum,https://wikidata.org/entitiy/Q161388,34
JARDINES DE LA PLAZA DE ESPAÑA,,Koelreuteria paniculata,https://wikidata.org/entitiy/Q844835,33
JARDINES DE LA PLAZA DE ESPAÑA,,Otros,,385
La Gavia Park,https://wikidata.org/entitiy/Q105617857,Celtis australis,https://wikidata.org/entitiy/Q255375,256
La Gavia Park,https://wikidata.org/entitiy/Q105617857,Fraxinus angustifolia,https://wikidata.org/entitiy/Q518949,248
La Gavia Park,https://wikidata.org/entitiy/Q105617857,Melia azedarach,https://wikidata.org/entitiy/Q162171,210
La Gavia Park,https://wikidata.org/entitiy/Q105617857,Quercus ilex,https://wikidata.org/entitiy/Q218155,199
La Gavia Park,https://wikidata.org/entitiy/Q105617857,Morus alba,https://wikidata.org/entitiy/Q157307,183
La Gavia Park,https://wikidata.org/entitiy/Q105617857,Acer campestre,https://wikidata.org/entitiy/Q158785,167
La Gavia Park,https://wikidata.org/entitiy/Q105617857,Gleditsia triacanthos,https://wikidata.org/entitiy/Q157650,125
La Gavia Park,https://wikidata.org/entitiy/Q105617857,Cydonia oblonga,https://wikidata.org/entitiy/Q43300,123
La Gavia Park,https://wikidata.org/entitiy/Q105617857,Elaeagnus angustifolia,https://wikidata.org/entitiy/Q157969,123
La Gavia Park,https://wikidata.org/entitiy/Q105617857,Ulmus pumila,https://wikidata.org/entitiy/Q1079824,114
La Gavia Park,https://wikidata.org/entitiy/Q105617857,Otros,,1435
PARQUE DE LA ATALAYUELA,,Pinus pinea,https://wikidata.org/entitiy/Q106094,574
PARQUE DE LA ATALAYUELA,,Pyrus calleryana,https://wikidata.org/entitiy/Q3079266,54
PARQUE DE LA ATALAYUELA,,Celtis australis,https://wikidata.org/entitiy/Q255375,38
PARQUE DE LA ATALAYUELA,,Fraxinus sp,,33
PARQUE DE LA ATALAYUELA,,Fraxinus angustifolia,https://wikidata.org/entitiy/Q518949,31
PARQUE DE LA ATALAYUELA,,Tilia cordata,https://wikidata.org/entitiy/Q158746,30
PARQUE DE LA ATALAYUELA,,Populus nigra,https://wikidata.org/entitiy/Q147064,27
PARQUE DE LA ATALAYUELA,,Quercus ilex,https://wikidata.org/entitiy/Q218155,15
PARQUE DE LA ATALAYUELA,,Quercus rubra,https://wikidata.org/entitiy/Q147525,15
PARQUE DE LA ATALAYUELA,,Acer pseudoplatanus,https://wikidata.org/entitiy/Q156944,14
PARQUE DE LA ATALAYUELA,,Otros,,23
Quinta de Torre Arias Park,https://wikidata.org/entitiy/Q33141667,Ulmus minor,https://wikidata.org/entitiy/Q147487,1020
Quinta de Torre Arias Park,https://wikidata.org/entitiy/Q33141667,Prunus dulcis,https://wikidata.org/entitiy/Q39918,295
Quinta de Torre Arias Park,https://wikidata.org/entitiy/Q33141667,Ailanthus altissima,https://wikidata.org/entitiy/Q159570,207
Quinta de Torre Arias Park,https://wikidata.org/entitiy/Q33141667,Cercis siliquastrum,https://wikidata.org/entitiy/Q29488,170
Quinta de Torre Arias Park,https://wikidata.org/entitiy/Q33141667,Pinus pinea,https://wikidata.org/entitiy/Q106094,151
Quinta de Torre Arias Park,https://wikidata.org/entitiy/Q33141667,Celtis australis,https://wikidata.org/entitiy/Q255375,149
Quinta de Torre Arias Park,https://wikidata.org/entitiy/Q33141667,Cedrus deodara,https://wikidata.org/entitiy/Q146935,130
Quinta de Torre Arias Park,https://wikidata.org/entitiy/Q33141667,Cupressus sempervirens,https://wikidata.org/entitiy/Q147513,111
Quinta de Torre Arias Park,https://wikidata.org/entitiy/Q33141667,Cedrus atlantica,https://wikidata.org/entitiy/Q623489,95
Quinta de Torre Arias Park,https://wikidata.org/entitiy/Q33141667,Pinus halepensis,https://wikidata.org/entitiy/Q211457,93
Quinta de Torre Arias Park,https://wikidata.org/entitiy/Q33141667,Otros,,857
BOSQUE DE LOS ABRAZOS PERDIDOS,,Pinus halepensis,https://wikidata.org/entitiy/Q211457,356
BOSQUE DE LOS ABRAZOS PERDIDOS,,Olea europaea,https://wikidata.org/entitiy/Q37083,230
BOSQUE DE LOS ABRAZOS PERDIDOS,,Prunus dulcis,https://wikidata.org/entitiy/Q39918,227
BOSQUE DE LOS ABRAZOS PERDIDOS,,Quercus faginea,https://wikidata.org/entitiy/Q2432250,204
BOSQUE DE LOS ABRAZOS PERDIDOS,,Juniperus phoenicea,https://wikidata.org/entitiy/Q183497,112
BOSQUE DE LOS ABRAZOS PERDIDOS,,Quercus ilex,https://wikidata.org/entitiy/Q218155,92
BOSQUE DE LOS ABRAZOS PERDIDOS,,Ulmus pumila,https://wikidata.org/entitiy/Q1079824,89
BOSQUE DE LOS ABRAZOS PERDIDOS,,Cupressus sempervirens,https://wikidata.org/entitiy/Q147513,72
BOSQUE DE LOS ABRAZOS PERDIDOS,,Celtis australis,https://wikidata.org/entitiy/Q255375,56
BOSQUE DE LOS ABRAZOS PERDIDOS,,Quercus coccifera,https://wikidata.org/entitiy/Q158178,50
BOSQUE DE LOS ABRAZOS PERDIDOS,,Otros,,310
"Parque de las Comunidades, Alcorcón",https://wikidata.org/entitiy/Q52777091,Pinus pinea,https://wikidata.org/entitiy/Q106094,518
"Parque de las Comunidades, Alcorcón",https://wikidata.org/entitiy/Q52777091,Celtis australis,https://wikidata.org/entitiy/Q255375,304
"Parque de las Comunidades, Alcorcón",https://wikidata.org/entitiy/Q52777091,Ulmus pumila,https://wikidata.org/entitiy/Q1079824,249
"Parque de las Comunidades, Alcorcón",https://wikidata.org/entitiy/Q52777091,Acer pseudoplatanus,https://wikidata.org/entitiy/Q156944,190
"Parque de las Comunidades, Alcorcón",https://wikidata.org/entitiy/Q52777091,Melia azedarach,https://wikidata.org/entitiy/Q162171,135
"Parque de las Comunidades, Alcorcón",https://wikidata.org/entitiy/Q52777091,Pinus halepensis,https://wikidata.org/entitiy/Q211457,119
"Parque de las Comunidades, Alcorcón",https://wikidata.org/entitiy/Q52777091,Quercus coccifera,https://wikidata.org/entitiy/Q158178,106
"Parque de las Comunidades, Alcorcón",https://wikidata.org/entitiy/Q52777091,Quercus ilex,https://wikidata.org/entitiy/Q218155,83
"Parque de las Comunidades, Alcorcón",https://wikidata.org/entitiy/Q52777091,Salix sp,,70
"Parque de las Comunidades, Alcorcón",https://wikidata.org/entitiy/Q52777091,Morus nigra,https://wikidata.org/entitiy/Q161040,60
"Parque de las Comunidades, Alcorcón",https://wikidata.org/entitiy/Q52777091,Otros,,992
Manzanares Linear Park,https://wikidata.org/entitiy/Q6062319,Pinus pinea,https://wikidata.org/entitiy/Q106094,1483
Manzanares Linear Park,https://wikidata.org/entitiy/Q6062319,Platanus × hispanica,https://wikidata.org/entitiy/Q161374,566
Manzanares Linear Park,https://wikidata.org/entitiy/Q6062319,Olea europaea,https://wikidata.org/entitiy/Q37083,506
Manzanares Linear Park,https://wikidata.org/entitiy/Q6062319,Celtis australis,https://wikidata.org/entitiy/Q255375,425
Manzanares Linear Park,https://wikidata.org/entitiy/Q6062319,Cupressus sempervirens,https://wikidata.org/entitiy/Q147513,405
Manzanares Linear Park,https://wikidata.org/entitiy/Q6062319,Gleditsia triacanthos,https://wikidata.org/entitiy/Q157650,257
Manzanares Linear Park,https://wikidata.org/entitiy/Q6062319,Tilia platyphyllos,https://wikidata.org/entitiy/Q156831,222
Manzanares Linear Park,https://wikidata.org/entitiy/Q6062319,Populus nigra,https://wikidata.org/entitiy/Q147064,145
Manzanares Linear Park,https://wikidata.org/entitiy/Q6062319,Tilia tomentosa,https://wikidata.org/entitiy/Q161382,138
Manzanares Linear Park,https://wikidata.org/entitiy/Q6062319,Pinus nigra,https://wikidata.org/entitiy/Q145954,120
Manzanares Linear Park,https://wikidata.org/entitiy/Q6062319,Otros,,1245
PARQUE LINEAL DE MANZANARES SUR,,Populus nigra,https://wikidata.org/entitiy/Q147064,2381
PARQUE LINEAL DE MANZANARES SUR,,Celtis australis,https://wikidata.org/entitiy/Q255375,1822
PARQUE LINEAL DE MANZANARES SUR,,Pinus pinea,https://wikidata.org/entitiy/Q106094,974
PARQUE LINEAL DE MANZANARES SUR,,Fraxinus angustifolia,https://wikidata.org/entitiy/Q518949,862
PARQUE LINEAL DE MANZANARES SUR,,Ulmus sp,,473
PARQUE LINEAL DE MANZANARES SUR,,Pinus halepensis,https://wikidata.org/entitiy/Q211457,274
PARQUE LINEAL DE MANZANARES SUR,,Koelreuteria paniculata,https://wikidata.org/entitiy/Q844835,159
PARQUE LINEAL DE MANZANARES SUR,,Ulmus pumila,https://wikidata.org/entitiy/Q1079824,132
PARQUE LINEAL DE MANZANARES SUR,,Cedrus deodara,https://wikidata.org/entitiy/Q146935,127
PARQUE LINEAL DE MANZANARES SUR,,Prunus cerasifera  subsp. pissardii,,120
PARQUE LINEAL DE MANZANARES SUR,,Otros,,721
